-- Insert Data User total 40 data
INSERT INTO public.users
(id, first_name, last_name, email, phone, created_by, updated_by, created_datetime, updated_datetime)
VALUES(1, 'person1', 'last human', 'person1@gmail.com', '08888888881', 'SYSTEM', 'SYSTEM', NOW(), NOW()) 
ON CONFLICT (id) DO NOTHING;
INSERT INTO public.users
(id, first_name, last_name, email, phone, created_by, updated_by, created_datetime, updated_datetime)
VALUES(2, 'person2', 'last human', 'person2@gmail.com', '08888888882', 'SYSTEM', 'SYSTEM', NOW(), NOW()) 
ON CONFLICT (id) DO NOTHING;
INSERT INTO public.users
(id, first_name, last_name, email, phone, created_by, updated_by, created_datetime, updated_datetime)
VALUES(3, 'person3', 'last human', 'person3@gmail.com', '08888888883', 'SYSTEM', 'SYSTEM', NOW(), NOW()) 
ON CONFLICT (id) DO NOTHING;
INSERT INTO public.users
(id, first_name, last_name, email, phone, created_by, updated_by, created_datetime, updated_datetime)
VALUES(4, 'person4', 'last human', 'person4@gmail.com', '08888888884', 'SYSTEM', 'SYSTEM', NOW(), NOW()) 
ON CONFLICT (id) DO NOTHING;
INSERT INTO public.users
(id, first_name, last_name, email, phone, created_by, updated_by, created_datetime, updated_datetime)
VALUES(5, 'person5', 'last human', 'person5@gmail.com', '08888888885', 'SYSTEM', 'SYSTEM', NOW(), NOW()) 
ON CONFLICT (id) DO NOTHING;
INSERT INTO public.users
(id, first_name, last_name, email, phone, created_by, updated_by, created_datetime, updated_datetime)
VALUES(6, 'person6', 'last human', 'person6@gmail.com', '08888888886', 'SYSTEM', 'SYSTEM', NOW(), NOW()) 
ON CONFLICT (id) DO NOTHING;
INSERT INTO public.users
(id, first_name, last_name, email, phone, created_by, updated_by, created_datetime, updated_datetime)
VALUES(7, 'person7', 'last human', 'person7@gmail.com', '08888888887', 'SYSTEM', 'SYSTEM', NOW(), NOW()) 
ON CONFLICT (id) DO NOTHING;
INSERT INTO public.users
(id, first_name, last_name, email, phone, created_by, updated_by, created_datetime, updated_datetime)
VALUES(8, 'person8', 'last human', 'person8@gmail.com', '08888888888', 'SYSTEM', 'SYSTEM', NOW(), NOW()) 
ON CONFLICT (id) DO NOTHING;
INSERT INTO public.users
(id, first_name, last_name, email, phone, created_by, updated_by, created_datetime, updated_datetime)
VALUES(9, 'person9', 'last human', 'person9@gmail.com', '08888888889', 'SYSTEM', 'SYSTEM', NOW(), NOW()) 
ON CONFLICT (id) DO NOTHING;
INSERT INTO public.users
(id, first_name, last_name, email, phone, created_by, updated_by, created_datetime, updated_datetime)
VALUES(10, 'person10', 'last human', 'person10@gmail.com', '088888888810', 'SYSTEM', 'SYSTEM', NOW(), NOW()) 
ON CONFLICT (id) DO NOTHING;
INSERT INTO public.users
(id, first_name, last_name, email, phone, created_by, updated_by, created_datetime, updated_datetime)
VALUES(11, 'person11', 'last human', 'person11@gmail.com', '088888888811', 'SYSTEM', 'SYSTEM', NOW(), NOW()) 
ON CONFLICT (id) DO NOTHING;
INSERT INTO public.users
(id, first_name, last_name, email, phone, created_by, updated_by, created_datetime, updated_datetime)
VALUES(12, 'person12', 'last human', 'person12@gmail.com', '088888888812', 'SYSTEM', 'SYSTEM', NOW(), NOW()) 
ON CONFLICT (id) DO NOTHING;
INSERT INTO public.users
(id, first_name, last_name, email, phone, created_by, updated_by, created_datetime, updated_datetime)
VALUES(13, 'person13', 'last human', 'person13@gmail.com', '088888888813', 'SYSTEM', 'SYSTEM', NOW(), NOW()) 
ON CONFLICT (id) DO NOTHING;
INSERT INTO public.users
(id, first_name, last_name, email, phone, created_by, updated_by, created_datetime, updated_datetime)
VALUES(14, 'person14', 'last human', 'person14@gmail.com', '088888888814', 'SYSTEM', 'SYSTEM', NOW(), NOW()) 
ON CONFLICT (id) DO NOTHING;
INSERT INTO public.users
(id, first_name, last_name, email, phone, created_by, updated_by, created_datetime, updated_datetime)
VALUES(15, 'person15', 'last human', 'person15@gmail.com', '088888888815', 'SYSTEM', 'SYSTEM', NOW(), NOW()) 
ON CONFLICT (id) DO NOTHING;
INSERT INTO public.users
(id, first_name, last_name, email, phone, created_by, updated_by, created_datetime, updated_datetime)
VALUES(16, 'person16', 'last human', 'person16@gmail.com', '088888888816', 'SYSTEM', 'SYSTEM', NOW(), NOW()) 
ON CONFLICT (id) DO NOTHING;
INSERT INTO public.users
(id, first_name, last_name, email, phone, created_by, updated_by, created_datetime, updated_datetime)
VALUES(17, 'person17', 'last human', 'person17@gmail.com', '088888888817', 'SYSTEM', 'SYSTEM', NOW(), NOW()) 
ON CONFLICT (id) DO NOTHING;
INSERT INTO public.users
(id, first_name, last_name, email, phone, created_by, updated_by, created_datetime, updated_datetime)
VALUES(18, 'person18', 'last human', 'person18@gmail.com', '088888888818', 'SYSTEM', 'SYSTEM', NOW(), NOW()) 
ON CONFLICT (id) DO NOTHING;
INSERT INTO public.users
(id, first_name, last_name, email, phone, created_by, updated_by, created_datetime, updated_datetime)
VALUES(19, 'person19', 'last human', 'person19@gmail.com', '088888888819', 'SYSTEM', 'SYSTEM', NOW(), NOW()) 
ON CONFLICT (id) DO NOTHING;
INSERT INTO public.users
(id, first_name, last_name, email, phone, created_by, updated_by, created_datetime, updated_datetime)
VALUES(20, 'person20', 'last human', 'person20@gmail.com', '088888888820', 'SYSTEM', 'SYSTEM', NOW(), NOW()) 
ON CONFLICT (id) DO NOTHING;
INSERT INTO public.users
(id, first_name, last_name, email, phone, created_by, updated_by, created_datetime, updated_datetime)
VALUES(21, 'person21', 'last human', 'person21@gmail.com', '088888888821', 'SYSTEM', 'SYSTEM', NOW(), NOW()) 
ON CONFLICT (id) DO NOTHING;
INSERT INTO public.users
(id, first_name, last_name, email, phone, created_by, updated_by, created_datetime, updated_datetime)
VALUES(22, 'person22', 'last human', 'person22@gmail.com', '088888888822', 'SYSTEM', 'SYSTEM', NOW(), NOW()) 
ON CONFLICT (id) DO NOTHING;
INSERT INTO public.users
(id, first_name, last_name, email, phone, created_by, updated_by, created_datetime, updated_datetime)
VALUES(23, 'person23', 'last human', 'person23@gmail.com', '088888888823', 'SYSTEM', 'SYSTEM', NOW(), NOW()) 
ON CONFLICT (id) DO NOTHING;
INSERT INTO public.users
(id, first_name, last_name, email, phone, created_by, updated_by, created_datetime, updated_datetime)
VALUES(24, 'person24', 'last human', 'person24@gmail.com', '088888888824', 'SYSTEM', 'SYSTEM', NOW(), NOW()) 
ON CONFLICT (id) DO NOTHING;
INSERT INTO public.users
(id, first_name, last_name, email, phone, created_by, updated_by, created_datetime, updated_datetime)
VALUES(25, 'person25', 'last human', 'person25@gmail.com', '088888888825', 'SYSTEM', 'SYSTEM', NOW(), NOW()) 
ON CONFLICT (id) DO NOTHING;
INSERT INTO public.users
(id, first_name, last_name, email, phone, created_by, updated_by, created_datetime, updated_datetime)
VALUES(26, 'person26', 'last human', 'person26@gmail.com', '088888888826', 'SYSTEM', 'SYSTEM', NOW(), NOW()) 
ON CONFLICT (id) DO NOTHING;
INSERT INTO public.users
(id, first_name, last_name, email, phone, created_by, updated_by, created_datetime, updated_datetime)
VALUES(27, 'person27', 'last human', 'person27@gmail.com', '088888888827', 'SYSTEM', 'SYSTEM', NOW(), NOW()) 
ON CONFLICT (id) DO NOTHING;
INSERT INTO public.users
(id, first_name, last_name, email, phone, created_by, updated_by, created_datetime, updated_datetime)
VALUES(28, 'person28', 'last human', 'person28@gmail.com', '088888888828', 'SYSTEM', 'SYSTEM', NOW(), NOW()) 
ON CONFLICT (id) DO NOTHING;
INSERT INTO public.users
(id, first_name, last_name, email, phone, created_by, updated_by, created_datetime, updated_datetime)
VALUES(29, 'person29', 'last human', 'person29@gmail.com', '088888888829', 'SYSTEM', 'SYSTEM', NOW(), NOW()) 
ON CONFLICT (id) DO NOTHING;
INSERT INTO public.users
(id, first_name, last_name, email, phone, created_by, updated_by, created_datetime, updated_datetime)
VALUES(30, 'person30', 'last human', 'person30@gmail.com', '088888888830', 'SYSTEM', 'SYSTEM', NOW(), NOW()) 
ON CONFLICT (id) DO NOTHING;
INSERT INTO public.users
(id, first_name, last_name, email, phone, created_by, updated_by, created_datetime, updated_datetime)
VALUES(31, 'person31', 'last human', 'person31@gmail.com', '088888888831', 'SYSTEM', 'SYSTEM', NOW(), NOW()) 
ON CONFLICT (id) DO NOTHING;
INSERT INTO public.users
(id, first_name, last_name, email, phone, created_by, updated_by, created_datetime, updated_datetime)
VALUES(32, 'person32', 'last human', 'person32@gmail.com', '088888888832', 'SYSTEM', 'SYSTEM', NOW(), NOW()) 
ON CONFLICT (id) DO NOTHING;
INSERT INTO public.users
(id, first_name, last_name, email, phone, created_by, updated_by, created_datetime, updated_datetime)
VALUES(33, 'person33', 'last human', 'person33@gmail.com', '088888888833', 'SYSTEM', 'SYSTEM', NOW(), NOW()) 
ON CONFLICT (id) DO NOTHING;
INSERT INTO public.users
(id, first_name, last_name, email, phone, created_by, updated_by, created_datetime, updated_datetime)
VALUES(34, 'person34', 'last human', 'person34@gmail.com', '088888888834', 'SYSTEM', 'SYSTEM', NOW(), NOW()) 
ON CONFLICT (id) DO NOTHING;
INSERT INTO public.users
(id, first_name, last_name, email, phone, created_by, updated_by, created_datetime, updated_datetime)
VALUES(35, 'person35', 'last human', 'person35@gmail.com', '088888888835', 'SYSTEM', 'SYSTEM', NOW(), NOW()) 
ON CONFLICT (id) DO NOTHING;
INSERT INTO public.users
(id, first_name, last_name, email, phone, created_by, updated_by, created_datetime, updated_datetime)
VALUES(36, 'person36', 'last human', 'person36@gmail.com', '088888888836', 'SYSTEM', 'SYSTEM', NOW(), NOW()) 
ON CONFLICT (id) DO NOTHING;
INSERT INTO public.users
(id, first_name, last_name, email, phone, created_by, updated_by, created_datetime, updated_datetime)
VALUES(37, 'person37', 'last human', 'person37@gmail.com', '088888888837', 'SYSTEM', 'SYSTEM', NOW(), NOW()) 
ON CONFLICT (id) DO NOTHING;
INSERT INTO public.users
(id, first_name, last_name, email, phone, created_by, updated_by, created_datetime, updated_datetime)
VALUES(38, 'person38', 'last human', 'person38@gmail.com', '088888888838', 'SYSTEM', 'SYSTEM', NOW(), NOW()) 
ON CONFLICT (id) DO NOTHING;
INSERT INTO public.users
(id, first_name, last_name, email, phone, created_by, updated_by, created_datetime, updated_datetime)
VALUES(39, 'person39', 'last human', 'person39@gmail.com', '088888888839', 'SYSTEM', 'SYSTEM', NOW(), NOW()) 
ON CONFLICT (id) DO NOTHING;
INSERT INTO public.users
(id, first_name, last_name, email, phone, created_by, updated_by, created_datetime, updated_datetime)
VALUES(40, 'person40', 'last human', 'person40@gmail.com', '088888888840', 'SYSTEM', 'SYSTEM', NOW(), NOW()) 
ON CONFLICT (id) DO NOTHING;

-- Insert Data Item total 40 data
INSERT INTO public.items
(id, name, description, price, cost, created_by, updated_by, created_datetime, updated_datetime)
VALUES(1, 'Barang1', 'Deskripsi Barang 1', 1000, 500, 'SYSTEM', 'SYSTEM', NOW(), NOW()) 
ON CONFLICT (id) DO NOTHING;
INSERT INTO public.items
(id, name, description, price, cost, created_by, updated_by, created_datetime, updated_datetime)
VALUES(2, 'Barang2', 'Deskripsi Barang 2', 2000, 1000, 'SYSTEM', 'SYSTEM', NOW(), NOW()) 
ON CONFLICT (id) DO NOTHING;
INSERT INTO public.items
(id, name, description, price, cost, created_by, updated_by, created_datetime, updated_datetime)
VALUES(3, 'Barang3', 'Deskripsi Barang 3', 3000, 1500, 'SYSTEM', 'SYSTEM', NOW(), NOW()) 
ON CONFLICT (id) DO NOTHING;
INSERT INTO public.items
(id, name, description, price, cost, created_by, updated_by, created_datetime, updated_datetime)
VALUES(4, 'Barang4', 'Deskripsi Barang 4', 4000, 2000, 'SYSTEM', 'SYSTEM', NOW(), NOW()) 
ON CONFLICT (id) DO NOTHING;
INSERT INTO public.items
(id, name, description, price, cost, created_by, updated_by, created_datetime, updated_datetime)
VALUES(5, 'Barang5', 'Deskripsi Barang 5', 5000, 2500, 'SYSTEM', 'SYSTEM', NOW(), NOW()) 
ON CONFLICT (id) DO NOTHING;
INSERT INTO public.items
(id, name, description, price, cost, created_by, updated_by, created_datetime, updated_datetime)
VALUES(6, 'Barang6', 'Deskripsi Barang 6', 6000, 3000, 'SYSTEM', 'SYSTEM', NOW(), NOW()) 
ON CONFLICT (id) DO NOTHING;
INSERT INTO public.items
(id, name, description, price, cost, created_by, updated_by, created_datetime, updated_datetime)
VALUES(7, 'Barang7', 'Deskripsi Barang 7', 7000, 3500, 'SYSTEM', 'SYSTEM', NOW(), NOW()) 
ON CONFLICT (id) DO NOTHING;
INSERT INTO public.items
(id, name, description, price, cost, created_by, updated_by, created_datetime, updated_datetime)
VALUES(8, 'Barang8', 'Deskripsi Barang 8', 8000, 4000, 'SYSTEM', 'SYSTEM', NOW(), NOW()) 
ON CONFLICT (id) DO NOTHING;
INSERT INTO public.items
(id, name, description, price, cost, created_by, updated_by, created_datetime, updated_datetime)
VALUES(9, 'Barang9', 'Deskripsi Barang 9', 9000, 4500, 'SYSTEM', 'SYSTEM', NOW(), NOW()) 
ON CONFLICT (id) DO NOTHING;
INSERT INTO public.items
(id, name, description, price, cost, created_by, updated_by, created_datetime, updated_datetime)
VALUES(10, 'Barang10', 'Deskripsi Barang 10', 10000, 5000, 'SYSTEM', 'SYSTEM', NOW(), NOW()) 
ON CONFLICT (id) DO NOTHING;
INSERT INTO public.items
(id, name, description, price, cost, created_by, updated_by, created_datetime, updated_datetime)
VALUES(11, 'Barang11', 'Deskripsi Barang 11', 11000, 5500, 'SYSTEM', 'SYSTEM', NOW(), NOW()) 
ON CONFLICT (id) DO NOTHING;
INSERT INTO public.items
(id, name, description, price, cost, created_by, updated_by, created_datetime, updated_datetime)
VALUES(12, 'Barang12', 'Deskripsi Barang 12', 12000, 6000, 'SYSTEM', 'SYSTEM', NOW(), NOW()) 
ON CONFLICT (id) DO NOTHING;
INSERT INTO public.items
(id, name, description, price, cost, created_by, updated_by, created_datetime, updated_datetime)
VALUES(13, 'Barang13', 'Deskripsi Barang 13', 13000, 6500, 'SYSTEM', 'SYSTEM', NOW(), NOW()) 
ON CONFLICT (id) DO NOTHING;
INSERT INTO public.items
(id, name, description, price, cost, created_by, updated_by, created_datetime, updated_datetime)
VALUES(14, 'Barang14', 'Deskripsi Barang 14', 14000, 7000, 'SYSTEM', 'SYSTEM', NOW(), NOW()) 
ON CONFLICT (id) DO NOTHING;
INSERT INTO public.items
(id, name, description, price, cost, created_by, updated_by, created_datetime, updated_datetime)
VALUES(15, 'Barang15', 'Deskripsi Barang 15', 15000, 7500, 'SYSTEM', 'SYSTEM', NOW(), NOW()) 
ON CONFLICT (id) DO NOTHING;
INSERT INTO public.items
(id, name, description, price, cost, created_by, updated_by, created_datetime, updated_datetime)
VALUES(16, 'Barang16', 'Deskripsi Barang 16', 16000, 8000, 'SYSTEM', 'SYSTEM', NOW(), NOW()) 
ON CONFLICT (id) DO NOTHING;
INSERT INTO public.items
(id, name, description, price, cost, created_by, updated_by, created_datetime, updated_datetime)
VALUES(17, 'Barang17', 'Deskripsi Barang 17', 17000, 8500, 'SYSTEM', 'SYSTEM', NOW(), NOW()) 
ON CONFLICT (id) DO NOTHING;
INSERT INTO public.items
(id, name, description, price, cost, created_by, updated_by, created_datetime, updated_datetime)
VALUES(18, 'Barang18', 'Deskripsi Barang 18', 18000, 9000, 'SYSTEM', 'SYSTEM', NOW(), NOW()) 
ON CONFLICT (id) DO NOTHING;
INSERT INTO public.items
(id, name, description, price, cost, created_by, updated_by, created_datetime, updated_datetime)
VALUES(19, 'Barang19', 'Deskripsi Barang 19', 19000, 9500, 'SYSTEM', 'SYSTEM', NOW(), NOW()) 
ON CONFLICT (id) DO NOTHING;
INSERT INTO public.items
(id, name, description, price, cost, created_by, updated_by, created_datetime, updated_datetime)
VALUES(20, 'Barang20', 'Deskripsi Barang 20', 20000, 10000, 'SYSTEM', 'SYSTEM', NOW(), NOW()) 
ON CONFLICT (id) DO NOTHING;
INSERT INTO public.items
(id, name, description, price, cost, created_by, updated_by, created_datetime, updated_datetime)
VALUES(21, 'Barang21', 'Deskripsi Barang 21', 21000, 10500, 'SYSTEM', 'SYSTEM', NOW(), NOW()) 
ON CONFLICT (id) DO NOTHING;
INSERT INTO public.items
(id, name, description, price, cost, created_by, updated_by, created_datetime, updated_datetime)
VALUES(22, 'Barang22', 'Deskripsi Barang 22', 22000, 11000, 'SYSTEM', 'SYSTEM', NOW(), NOW()) 
ON CONFLICT (id) DO NOTHING;
INSERT INTO public.items
(id, name, description, price, cost, created_by, updated_by, created_datetime, updated_datetime)
VALUES(23, 'Barang23', 'Deskripsi Barang 23', 23000, 11500, 'SYSTEM', 'SYSTEM', NOW(), NOW()) 
ON CONFLICT (id) DO NOTHING;
INSERT INTO public.items
(id, name, description, price, cost, created_by, updated_by, created_datetime, updated_datetime)
VALUES(24, 'Barang24', 'Deskripsi Barang 24', 24000, 12000, 'SYSTEM', 'SYSTEM', NOW(), NOW()) 
ON CONFLICT (id) DO NOTHING;
INSERT INTO public.items
(id, name, description, price, cost, created_by, updated_by, created_datetime, updated_datetime)
VALUES(25, 'Barang25', 'Deskripsi Barang 25', 25000, 12500, 'SYSTEM', 'SYSTEM', NOW(), NOW()) 
ON CONFLICT (id) DO NOTHING;
INSERT INTO public.items
(id, name, description, price, cost, created_by, updated_by, created_datetime, updated_datetime)
VALUES(26, 'Barang26', 'Deskripsi Barang 26', 26000, 13000, 'SYSTEM', 'SYSTEM', NOW(), NOW()) 
ON CONFLICT (id) DO NOTHING;
INSERT INTO public.items
(id, name, description, price, cost, created_by, updated_by, created_datetime, updated_datetime)
VALUES(27, 'Barang27', 'Deskripsi Barang 27', 27000, 13500, 'SYSTEM', 'SYSTEM', NOW(), NOW()) 
ON CONFLICT (id) DO NOTHING;
INSERT INTO public.items
(id, name, description, price, cost, created_by, updated_by, created_datetime, updated_datetime)
VALUES(28, 'Barang28', 'Deskripsi Barang 28', 28000, 14000, 'SYSTEM', 'SYSTEM', NOW(), NOW()) 
ON CONFLICT (id) DO NOTHING;
INSERT INTO public.items
(id, name, description, price, cost, created_by, updated_by, created_datetime, updated_datetime)
VALUES(29, 'Barang29', 'Deskripsi Barang 29', 29000, 14500, 'SYSTEM', 'SYSTEM', NOW(), NOW()) 
ON CONFLICT (id) DO NOTHING;
INSERT INTO public.items
(id, name, description, price, cost, created_by, updated_by, created_datetime, updated_datetime)
VALUES(30, 'Barang30', 'Deskripsi Barang 30', 30000, 15000, 'SYSTEM', 'SYSTEM', NOW(), NOW()) 
ON CONFLICT (id) DO NOTHING;
INSERT INTO public.items
(id, name, description, price, cost, created_by, updated_by, created_datetime, updated_datetime)
VALUES(31, 'Barang31', 'Deskripsi Barang 31', 31000, 15500, 'SYSTEM', 'SYSTEM', NOW(), NOW()) 
ON CONFLICT (id) DO NOTHING;
INSERT INTO public.items
(id, name, description, price, cost, created_by, updated_by, created_datetime, updated_datetime)
VALUES(32, 'Barang32', 'Deskripsi Barang 32', 32000, 16000, 'SYSTEM', 'SYSTEM', NOW(), NOW()) 
ON CONFLICT (id) DO NOTHING;
INSERT INTO public.items
(id, name, description, price, cost, created_by, updated_by, created_datetime, updated_datetime)
VALUES(33, 'Barang33', 'Deskripsi Barang 33', 33000, 16500, 'SYSTEM', 'SYSTEM', NOW(), NOW()) 
ON CONFLICT (id) DO NOTHING;
INSERT INTO public.items
(id, name, description, price, cost, created_by, updated_by, created_datetime, updated_datetime)
VALUES(34, 'Barang34', 'Deskripsi Barang 34', 34000, 17000, 'SYSTEM', 'SYSTEM', NOW(), NOW()) 
ON CONFLICT (id) DO NOTHING;
INSERT INTO public.items
(id, name, description, price, cost, created_by, updated_by, created_datetime, updated_datetime)
VALUES(35, 'Barang35', 'Deskripsi Barang 35', 35000, 17500, 'SYSTEM', 'SYSTEM', NOW(), NOW()) 
ON CONFLICT (id) DO NOTHING;
INSERT INTO public.items
(id, name, description, price, cost, created_by, updated_by, created_datetime, updated_datetime)
VALUES(36, 'Barang36', 'Deskripsi Barang 36', 36000, 18000, 'SYSTEM', 'SYSTEM', NOW(), NOW()) 
ON CONFLICT (id) DO NOTHING;
INSERT INTO public.items
(id, name, description, price, cost, created_by, updated_by, created_datetime, updated_datetime)
VALUES(37, 'Barang37', 'Deskripsi Barang 37', 37000, 18500, 'SYSTEM', 'SYSTEM', NOW(), NOW()) 
ON CONFLICT (id) DO NOTHING;
INSERT INTO public.items
(id, name, description, price, cost, created_by, updated_by, created_datetime, updated_datetime)
VALUES(38, 'Barang38', 'Deskripsi Barang 38', 38000, 19000, 'SYSTEM', 'SYSTEM', NOW(), NOW()) 
ON CONFLICT (id) DO NOTHING;
INSERT INTO public.items
(id, name, description, price, cost, created_by, updated_by, created_datetime, updated_datetime)
VALUES(39, 'Barang39', 'Deskripsi Barang 39', 39000, 19500, 'SYSTEM', 'SYSTEM', NOW(), NOW()) 
ON CONFLICT (id) DO NOTHING;
INSERT INTO public.items
(id, name, description, price, cost, created_by, updated_by, created_datetime, updated_datetime)
VALUES(40, 'Barang40', 'Deskripsi Barang 40', 40000, 20000, 'SYSTEM', 'SYSTEM', NOW(), NOW()) 
ON CONFLICT (id) DO NOTHING;

-- Insert Data Purchase Order Header total 40 data
INSERT INTO public.po_h
(id, datetime, desciption, total_price, total_cost, created_by, updated_by, created_datetime, updated_datetime)
VALUES(1, NOW(), 'Transaksi 1', 1000, 500, 'SYSTEM', 'SYSTEM', NOW(), NOW()) 
ON CONFLICT (id) DO NOTHING;
INSERT INTO public.po_h
(id, datetime, desciption, total_price, total_cost, created_by, updated_by, created_datetime, updated_datetime)
VALUES(2, NOW(), 'Transaksi 2', 2000, 1000, 'SYSTEM', 'SYSTEM', NOW(), NOW()) 
ON CONFLICT (id) DO NOTHING;
INSERT INTO public.po_h
(id, datetime, desciption, total_price, total_cost, created_by, updated_by, created_datetime, updated_datetime)
VALUES(3, NOW(), 'Transaksi 3', 3000, 1500, 'SYSTEM', 'SYSTEM', NOW(), NOW()) 
ON CONFLICT (id) DO NOTHING;
INSERT INTO public.po_h
(id, datetime, desciption, total_price, total_cost, created_by, updated_by, created_datetime, updated_datetime)
VALUES(4, NOW(), 'Transaksi 4', 4000, 2000, 'SYSTEM', 'SYSTEM', NOW(), NOW()) 
ON CONFLICT (id) DO NOTHING;
INSERT INTO public.po_h
(id, datetime, desciption, total_price, total_cost, created_by, updated_by, created_datetime, updated_datetime)
VALUES(5, NOW(), 'Transaksi 5', 5000, 2500, 'SYSTEM', 'SYSTEM', NOW(), NOW()) 
ON CONFLICT (id) DO NOTHING;
INSERT INTO public.po_h
(id, datetime, desciption, total_price, total_cost, created_by, updated_by, created_datetime, updated_datetime)
VALUES(6, NOW(), 'Transaksi 6', 6000, 3000, 'SYSTEM', 'SYSTEM', NOW(), NOW()) 
ON CONFLICT (id) DO NOTHING;
INSERT INTO public.po_h
(id, datetime, desciption, total_price, total_cost, created_by, updated_by, created_datetime, updated_datetime)
VALUES(7, NOW(), 'Transaksi 7', 7000, 3500, 'SYSTEM', 'SYSTEM', NOW(), NOW()) 
ON CONFLICT (id) DO NOTHING;
INSERT INTO public.po_h
(id, datetime, desciption, total_price, total_cost, created_by, updated_by, created_datetime, updated_datetime)
VALUES(8, NOW(), 'Transaksi 8', 8000, 4000, 'SYSTEM', 'SYSTEM', NOW(), NOW()) 
ON CONFLICT (id) DO NOTHING;
INSERT INTO public.po_h
(id, datetime, desciption, total_price, total_cost, created_by, updated_by, created_datetime, updated_datetime)
VALUES(9, NOW(), 'Transaksi 9', 9000, 4500, 'SYSTEM', 'SYSTEM', NOW(), NOW()) 
ON CONFLICT (id) DO NOTHING;
INSERT INTO public.po_h
(id, datetime, desciption, total_price, total_cost, created_by, updated_by, created_datetime, updated_datetime)
VALUES(10, NOW(), 'Transaksi 10', 10000, 5000, 'SYSTEM', 'SYSTEM', NOW(), NOW()) 
ON CONFLICT (id) DO NOTHING;
INSERT INTO public.po_h
(id, datetime, desciption, total_price, total_cost, created_by, updated_by, created_datetime, updated_datetime)
VALUES(11, NOW(), 'Transaksi 11', 11000, 5500, 'SYSTEM', 'SYSTEM', NOW(), NOW()) 
ON CONFLICT (id) DO NOTHING;
INSERT INTO public.po_h
(id, datetime, desciption, total_price, total_cost, created_by, updated_by, created_datetime, updated_datetime)
VALUES(12, NOW(), 'Transaksi 12', 12000, 6000, 'SYSTEM', 'SYSTEM', NOW(), NOW()) 
ON CONFLICT (id) DO NOTHING;
INSERT INTO public.po_h
(id, datetime, desciption, total_price, total_cost, created_by, updated_by, created_datetime, updated_datetime)
VALUES(13, NOW(), 'Transaksi 13', 13000, 6500, 'SYSTEM', 'SYSTEM', NOW(), NOW()) 
ON CONFLICT (id) DO NOTHING;
INSERT INTO public.po_h
(id, datetime, desciption, total_price, total_cost, created_by, updated_by, created_datetime, updated_datetime)
VALUES(14, NOW(), 'Transaksi 14', 14000, 7000, 'SYSTEM', 'SYSTEM', NOW(), NOW()) 
ON CONFLICT (id) DO NOTHING;
INSERT INTO public.po_h
(id, datetime, desciption, total_price, total_cost, created_by, updated_by, created_datetime, updated_datetime)
VALUES(15, NOW(), 'Transaksi 15', 15000, 7500, 'SYSTEM', 'SYSTEM', NOW(), NOW()) 
ON CONFLICT (id) DO NOTHING;
INSERT INTO public.po_h
(id, datetime, desciption, total_price, total_cost, created_by, updated_by, created_datetime, updated_datetime)
VALUES(16, NOW(), 'Transaksi 16', 16000, 8000, 'SYSTEM', 'SYSTEM', NOW(), NOW()) 
ON CONFLICT (id) DO NOTHING;
INSERT INTO public.po_h
(id, datetime, desciption, total_price, total_cost, created_by, updated_by, created_datetime, updated_datetime)
VALUES(17, NOW(), 'Transaksi 17', 17000, 8500, 'SYSTEM', 'SYSTEM', NOW(), NOW()) 
ON CONFLICT (id) DO NOTHING;
INSERT INTO public.po_h
(id, datetime, desciption, total_price, total_cost, created_by, updated_by, created_datetime, updated_datetime)
VALUES(18, NOW(), 'Transaksi 18', 18000, 9000, 'SYSTEM', 'SYSTEM', NOW(), NOW()) 
ON CONFLICT (id) DO NOTHING;
INSERT INTO public.po_h
(id, datetime, desciption, total_price, total_cost, created_by, updated_by, created_datetime, updated_datetime)
VALUES(19, NOW(), 'Transaksi 19', 19000, 9500, 'SYSTEM', 'SYSTEM', NOW(), NOW()) 
ON CONFLICT (id) DO NOTHING;
INSERT INTO public.po_h
(id, datetime, desciption, total_price, total_cost, created_by, updated_by, created_datetime, updated_datetime)
VALUES(20, NOW(), 'Transaksi 20', 20000, 10000, 'SYSTEM', 'SYSTEM', NOW(), NOW()) 
ON CONFLICT (id) DO NOTHING;
INSERT INTO public.po_h
(id, datetime, desciption, total_price, total_cost, created_by, updated_by, created_datetime, updated_datetime)
VALUES(21, NOW(), 'Transaksi 21', 21000, 10500, 'SYSTEM', 'SYSTEM', NOW(), NOW()) 
ON CONFLICT (id) DO NOTHING;
INSERT INTO public.po_h
(id, datetime, desciption, total_price, total_cost, created_by, updated_by, created_datetime, updated_datetime)
VALUES(22, NOW(), 'Transaksi 22', 22000, 11000, 'SYSTEM', 'SYSTEM', NOW(), NOW()) 
ON CONFLICT (id) DO NOTHING;
INSERT INTO public.po_h
(id, datetime, desciption, total_price, total_cost, created_by, updated_by, created_datetime, updated_datetime)
VALUES(23, NOW(), 'Transaksi 23', 23000, 11500, 'SYSTEM', 'SYSTEM', NOW(), NOW()) 
ON CONFLICT (id) DO NOTHING;
INSERT INTO public.po_h
(id, datetime, desciption, total_price, total_cost, created_by, updated_by, created_datetime, updated_datetime)
VALUES(24, NOW(), 'Transaksi 24', 24000, 12000, 'SYSTEM', 'SYSTEM', NOW(), NOW()) 
ON CONFLICT (id) DO NOTHING;
INSERT INTO public.po_h
(id, datetime, desciption, total_price, total_cost, created_by, updated_by, created_datetime, updated_datetime)
VALUES(25, NOW(), 'Transaksi 25', 25000, 12500, 'SYSTEM', 'SYSTEM', NOW(), NOW()) 
ON CONFLICT (id) DO NOTHING;
INSERT INTO public.po_h
(id, datetime, desciption, total_price, total_cost, created_by, updated_by, created_datetime, updated_datetime)
VALUES(26, NOW(), 'Transaksi 26', 26000, 13000, 'SYSTEM', 'SYSTEM', NOW(), NOW()) 
ON CONFLICT (id) DO NOTHING;
INSERT INTO public.po_h
(id, datetime, desciption, total_price, total_cost, created_by, updated_by, created_datetime, updated_datetime)
VALUES(27, NOW(), 'Transaksi 27', 27000, 13500, 'SYSTEM', 'SYSTEM', NOW(), NOW()) 
ON CONFLICT (id) DO NOTHING;
INSERT INTO public.po_h
(id, datetime, desciption, total_price, total_cost, created_by, updated_by, created_datetime, updated_datetime)
VALUES(28, NOW(), 'Transaksi 28', 28000, 14000, 'SYSTEM', 'SYSTEM', NOW(), NOW()) 
ON CONFLICT (id) DO NOTHING;
INSERT INTO public.po_h
(id, datetime, desciption, total_price, total_cost, created_by, updated_by, created_datetime, updated_datetime)
VALUES(29, NOW(), 'Transaksi 29', 29000, 14500, 'SYSTEM', 'SYSTEM', NOW(), NOW()) 
ON CONFLICT (id) DO NOTHING;
INSERT INTO public.po_h
(id, datetime, desciption, total_price, total_cost, created_by, updated_by, created_datetime, updated_datetime)
VALUES(30, NOW(), 'Transaksi 30', 30000, 15000, 'SYSTEM', 'SYSTEM', NOW(), NOW()) 
ON CONFLICT (id) DO NOTHING;
INSERT INTO public.po_h
(id, datetime, desciption, total_price, total_cost, created_by, updated_by, created_datetime, updated_datetime)
VALUES(31, NOW(), 'Transaksi 31', 31000, 15500, 'SYSTEM', 'SYSTEM', NOW(), NOW()) 
ON CONFLICT (id) DO NOTHING;
INSERT INTO public.po_h
(id, datetime, desciption, total_price, total_cost, created_by, updated_by, created_datetime, updated_datetime)
VALUES(32, NOW(), 'Transaksi 32', 32000, 16000, 'SYSTEM', 'SYSTEM', NOW(), NOW()) 
ON CONFLICT (id) DO NOTHING;
INSERT INTO public.po_h
(id, datetime, desciption, total_price, total_cost, created_by, updated_by, created_datetime, updated_datetime)
VALUES(33, NOW(), 'Transaksi 33', 33000, 16500, 'SYSTEM', 'SYSTEM', NOW(), NOW()) 
ON CONFLICT (id) DO NOTHING;
INSERT INTO public.po_h
(id, datetime, desciption, total_price, total_cost, created_by, updated_by, created_datetime, updated_datetime)
VALUES(34, NOW(), 'Transaksi 34', 34000, 17000, 'SYSTEM', 'SYSTEM', NOW(), NOW()) 
ON CONFLICT (id) DO NOTHING;
INSERT INTO public.po_h
(id, datetime, desciption, total_price, total_cost, created_by, updated_by, created_datetime, updated_datetime)
VALUES(35, NOW(), 'Transaksi 35', 35000, 17500, 'SYSTEM', 'SYSTEM', NOW(), NOW()) 
ON CONFLICT (id) DO NOTHING;
INSERT INTO public.po_h
(id, datetime, desciption, total_price, total_cost, created_by, updated_by, created_datetime, updated_datetime)
VALUES(36, NOW(), 'Transaksi 36', 36000, 18000, 'SYSTEM', 'SYSTEM', NOW(), NOW()) 
ON CONFLICT (id) DO NOTHING;
INSERT INTO public.po_h
(id, datetime, desciption, total_price, total_cost, created_by, updated_by, created_datetime, updated_datetime)
VALUES(37, NOW(), 'Transaksi 37', 37000, 18500, 'SYSTEM', 'SYSTEM', NOW(), NOW()) 
ON CONFLICT (id) DO NOTHING;
INSERT INTO public.po_h
(id, datetime, desciption, total_price, total_cost, created_by, updated_by, created_datetime, updated_datetime)
VALUES(38, NOW(), 'Transaksi 38', 38000, 19000, 'SYSTEM', 'SYSTEM', NOW(), NOW()) 
ON CONFLICT (id) DO NOTHING;
INSERT INTO public.po_h
(id, datetime, desciption, total_price, total_cost, created_by, updated_by, created_datetime, updated_datetime)
VALUES(39, NOW(), 'Transaksi 39', 39000, 19500, 'SYSTEM', 'SYSTEM', NOW(), NOW()) 
ON CONFLICT (id) DO NOTHING;
INSERT INTO public.po_h
(id, datetime, desciption, total_price, total_cost, created_by, updated_by, created_datetime, updated_datetime)
VALUES(40, NOW(), 'Transaksi 40', 40000, 20000, 'SYSTEM', 'SYSTEM', NOW(), NOW()) 
ON CONFLICT (id) DO NOTHING;

-- Insert Data Purchase Order Detail total 40 data
INSERT INTO public.po_d
(id, poh_id, item_id, item_qty, item_cost, item_price, created_by, updated_by, created_datetime, updated_datetime)
VALUES(1, 1, 1, 1, 500, 1000, 'SYSTEM', 'SYSTEM', NOW(), NOW()) 
ON CONFLICT (id) DO NOTHING;
INSERT INTO public.po_d
(id, poh_id, item_id, item_qty, item_cost, item_price, created_by, updated_by, created_datetime, updated_datetime)
VALUES(2, 2, 2, 1, 1000, 2000, 'SYSTEM', 'SYSTEM', NOW(), NOW()) 
ON CONFLICT (id) DO NOTHING;
INSERT INTO public.po_d
(id, poh_id, item_id, item_qty, item_cost, item_price, created_by, updated_by, created_datetime, updated_datetime)
VALUES(3, 3, 3, 1, 1500, 3000, 'SYSTEM', 'SYSTEM', NOW(), NOW()) 
ON CONFLICT (id) DO NOTHING;
INSERT INTO public.po_d
(id, poh_id, item_id, item_qty, item_cost, item_price, created_by, updated_by, created_datetime, updated_datetime)
VALUES(4, 4, 4, 1, 2000, 4000, 'SYSTEM', 'SYSTEM', NOW(), NOW()) 
ON CONFLICT (id) DO NOTHING;
INSERT INTO public.po_d
(id, poh_id, item_id, item_qty, item_cost, item_price, created_by, updated_by, created_datetime, updated_datetime)
VALUES(5, 5, 5, 1, 2500, 5000, 'SYSTEM', 'SYSTEM', NOW(), NOW()) 
ON CONFLICT (id) DO NOTHING;
INSERT INTO public.po_d
(id, poh_id, item_id, item_qty, item_cost, item_price, created_by, updated_by, created_datetime, updated_datetime)
VALUES(6, 6, 6, 1, 3000, 6000, 'SYSTEM', 'SYSTEM', NOW(), NOW()) 
ON CONFLICT (id) DO NOTHING;
INSERT INTO public.po_d
(id, poh_id, item_id, item_qty, item_cost, item_price, created_by, updated_by, created_datetime, updated_datetime)
VALUES(7, 7, 7, 1, 3500, 7000, 'SYSTEM', 'SYSTEM', NOW(), NOW()) 
ON CONFLICT (id) DO NOTHING;
INSERT INTO public.po_d
(id, poh_id, item_id, item_qty, item_cost, item_price, created_by, updated_by, created_datetime, updated_datetime)
VALUES(8, 8, 8, 1, 4000, 8000, 'SYSTEM', 'SYSTEM', NOW(), NOW()) 
ON CONFLICT (id) DO NOTHING;
INSERT INTO public.po_d
(id, poh_id, item_id, item_qty, item_cost, item_price, created_by, updated_by, created_datetime, updated_datetime)
VALUES(9, 9, 9, 1, 4500, 9000, 'SYSTEM', 'SYSTEM', NOW(), NOW()) 
ON CONFLICT (id) DO NOTHING;
INSERT INTO public.po_d
(id, poh_id, item_id, item_qty, item_cost, item_price, created_by, updated_by, created_datetime, updated_datetime)
VALUES(10, 10, 10, 1, 5000, 10000, 'SYSTEM', 'SYSTEM', NOW(), NOW()) 
ON CONFLICT (id) DO NOTHING;
INSERT INTO public.po_d
(id, poh_id, item_id, item_qty, item_cost, item_price, created_by, updated_by, created_datetime, updated_datetime)
VALUES(11, 11, 11, 1, 5500, 11000, 'SYSTEM', 'SYSTEM', NOW(), NOW()) 
ON CONFLICT (id) DO NOTHING;
INSERT INTO public.po_d
(id, poh_id, item_id, item_qty, item_cost, item_price, created_by, updated_by, created_datetime, updated_datetime)
VALUES(12, 12, 12, 1, 6000, 12000, 'SYSTEM', 'SYSTEM', NOW(), NOW()) 
ON CONFLICT (id) DO NOTHING;
INSERT INTO public.po_d
(id, poh_id, item_id, item_qty, item_cost, item_price, created_by, updated_by, created_datetime, updated_datetime)
VALUES(13, 13, 13, 1, 6500, 13000, 'SYSTEM', 'SYSTEM', NOW(), NOW()) 
ON CONFLICT (id) DO NOTHING;
INSERT INTO public.po_d
(id, poh_id, item_id, item_qty, item_cost, item_price, created_by, updated_by, created_datetime, updated_datetime)
VALUES(14, 14, 14, 1, 7000, 14000, 'SYSTEM', 'SYSTEM', NOW(), NOW()) 
ON CONFLICT (id) DO NOTHING;
INSERT INTO public.po_d
(id, poh_id, item_id, item_qty, item_cost, item_price, created_by, updated_by, created_datetime, updated_datetime)
VALUES(15, 15, 15, 1, 7500, 15000, 'SYSTEM', 'SYSTEM', NOW(), NOW()) 
ON CONFLICT (id) DO NOTHING;
INSERT INTO public.po_d
(id, poh_id, item_id, item_qty, item_cost, item_price, created_by, updated_by, created_datetime, updated_datetime)
VALUES(16, 16, 16, 1, 8000, 16000, 'SYSTEM', 'SYSTEM', NOW(), NOW()) 
ON CONFLICT (id) DO NOTHING;
INSERT INTO public.po_d
(id, poh_id, item_id, item_qty, item_cost, item_price, created_by, updated_by, created_datetime, updated_datetime)
VALUES(17, 17, 17, 1, 8500, 17000, 'SYSTEM', 'SYSTEM', NOW(), NOW()) 
ON CONFLICT (id) DO NOTHING;
INSERT INTO public.po_d
(id, poh_id, item_id, item_qty, item_cost, item_price, created_by, updated_by, created_datetime, updated_datetime)
VALUES(18, 18, 18, 1, 9000, 18000, 'SYSTEM', 'SYSTEM', NOW(), NOW()) 
ON CONFLICT (id) DO NOTHING;
INSERT INTO public.po_d
(id, poh_id, item_id, item_qty, item_cost, item_price, created_by, updated_by, created_datetime, updated_datetime)
VALUES(19, 19, 19, 1, 9500, 19000, 'SYSTEM', 'SYSTEM', NOW(), NOW()) 
ON CONFLICT (id) DO NOTHING;
INSERT INTO public.po_d
(id, poh_id, item_id, item_qty, item_cost, item_price, created_by, updated_by, created_datetime, updated_datetime)
VALUES(20, 20, 20, 1, 10000, 20000, 'SYSTEM', 'SYSTEM', NOW(), NOW()) 
ON CONFLICT (id) DO NOTHING;
INSERT INTO public.po_d
(id, poh_id, item_id, item_qty, item_cost, item_price, created_by, updated_by, created_datetime, updated_datetime)
VALUES(21, 21, 21, 1, 10500, 21000, 'SYSTEM', 'SYSTEM', NOW(), NOW()) 
ON CONFLICT (id) DO NOTHING;
INSERT INTO public.po_d
(id, poh_id, item_id, item_qty, item_cost, item_price, created_by, updated_by, created_datetime, updated_datetime)
VALUES(22, 22, 22, 1, 11000, 22000, 'SYSTEM', 'SYSTEM', NOW(), NOW()) 
ON CONFLICT (id) DO NOTHING;
INSERT INTO public.po_d
(id, poh_id, item_id, item_qty, item_cost, item_price, created_by, updated_by, created_datetime, updated_datetime)
VALUES(23, 23, 23, 1, 11500, 23000, 'SYSTEM', 'SYSTEM', NOW(), NOW()) 
ON CONFLICT (id) DO NOTHING;
INSERT INTO public.po_d
(id, poh_id, item_id, item_qty, item_cost, item_price, created_by, updated_by, created_datetime, updated_datetime)
VALUES(24, 24, 24, 1, 12000, 24000, 'SYSTEM', 'SYSTEM', NOW(), NOW()) 
ON CONFLICT (id) DO NOTHING;
INSERT INTO public.po_d
(id, poh_id, item_id, item_qty, item_cost, item_price, created_by, updated_by, created_datetime, updated_datetime)
VALUES(25, 25, 25, 1, 12500, 25000, 'SYSTEM', 'SYSTEM', NOW(), NOW()) 
ON CONFLICT (id) DO NOTHING;
INSERT INTO public.po_d
(id, poh_id, item_id, item_qty, item_cost, item_price, created_by, updated_by, created_datetime, updated_datetime)
VALUES(26, 26, 26, 1, 13000, 26000, 'SYSTEM', 'SYSTEM', NOW(), NOW()) 
ON CONFLICT (id) DO NOTHING;
INSERT INTO public.po_d
(id, poh_id, item_id, item_qty, item_cost, item_price, created_by, updated_by, created_datetime, updated_datetime)
VALUES(27, 27, 27, 1, 13500, 27000, 'SYSTEM', 'SYSTEM', NOW(), NOW()) 
ON CONFLICT (id) DO NOTHING;
INSERT INTO public.po_d
(id, poh_id, item_id, item_qty, item_cost, item_price, created_by, updated_by, created_datetime, updated_datetime)
VALUES(28, 28, 28, 1, 14000, 28000, 'SYSTEM', 'SYSTEM', NOW(), NOW()) 
ON CONFLICT (id) DO NOTHING;
INSERT INTO public.po_d
(id, poh_id, item_id, item_qty, item_cost, item_price, created_by, updated_by, created_datetime, updated_datetime)
VALUES(29, 29, 29, 1, 14500, 29000, 'SYSTEM', 'SYSTEM', NOW(), NOW()) 
ON CONFLICT (id) DO NOTHING;
INSERT INTO public.po_d
(id, poh_id, item_id, item_qty, item_cost, item_price, created_by, updated_by, created_datetime, updated_datetime)
VALUES(30, 30, 30, 1, 15000, 30000, 'SYSTEM', 'SYSTEM', NOW(), NOW()) 
ON CONFLICT (id) DO NOTHING;
INSERT INTO public.po_d
(id, poh_id, item_id, item_qty, item_cost, item_price, created_by, updated_by, created_datetime, updated_datetime)
VALUES(31, 31, 31, 1, 15500, 31000, 'SYSTEM', 'SYSTEM', NOW(), NOW()) 
ON CONFLICT (id) DO NOTHING;
INSERT INTO public.po_d
(id, poh_id, item_id, item_qty, item_cost, item_price, created_by, updated_by, created_datetime, updated_datetime)
VALUES(32, 32, 32, 1, 16000, 32000, 'SYSTEM', 'SYSTEM', NOW(), NOW()) 
ON CONFLICT (id) DO NOTHING;
INSERT INTO public.po_d
(id, poh_id, item_id, item_qty, item_cost, item_price, created_by, updated_by, created_datetime, updated_datetime)
VALUES(33, 33, 33, 1, 16500, 33000, 'SYSTEM', 'SYSTEM', NOW(), NOW()) 
ON CONFLICT (id) DO NOTHING;
INSERT INTO public.po_d
(id, poh_id, item_id, item_qty, item_cost, item_price, created_by, updated_by, created_datetime, updated_datetime)
VALUES(34, 34, 34, 1, 17000, 34000, 'SYSTEM', 'SYSTEM', NOW(), NOW()) 
ON CONFLICT (id) DO NOTHING;
INSERT INTO public.po_d
(id, poh_id, item_id, item_qty, item_cost, item_price, created_by, updated_by, created_datetime, updated_datetime)
VALUES(35, 35, 35, 1, 17500, 35000, 'SYSTEM', 'SYSTEM', NOW(), NOW()) 
ON CONFLICT (id) DO NOTHING;
INSERT INTO public.po_d
(id, poh_id, item_id, item_qty, item_cost, item_price, created_by, updated_by, created_datetime, updated_datetime)
VALUES(36, 36, 36, 1, 18000, 36000, 'SYSTEM', 'SYSTEM', NOW(), NOW()) 
ON CONFLICT (id) DO NOTHING;
INSERT INTO public.po_d
(id, poh_id, item_id, item_qty, item_cost, item_price, created_by, updated_by, created_datetime, updated_datetime)
VALUES(37, 37, 37, 1, 18500, 37000, 'SYSTEM', 'SYSTEM', NOW(), NOW()) 
ON CONFLICT (id) DO NOTHING;
INSERT INTO public.po_d
(id, poh_id, item_id, item_qty, item_cost, item_price, created_by, updated_by, created_datetime, updated_datetime)
VALUES(38, 38, 38, 1, 19000, 38000, 'SYSTEM', 'SYSTEM', NOW(), NOW()) 
ON CONFLICT (id) DO NOTHING;
INSERT INTO public.po_d
(id, poh_id, item_id, item_qty, item_cost, item_price, created_by, updated_by, created_datetime, updated_datetime)
VALUES(39, 39, 39, 1, 19500, 39000, 'SYSTEM', 'SYSTEM', NOW(), NOW()) 
ON CONFLICT (id) DO NOTHING;
INSERT INTO public.po_d
(id, poh_id, item_id, item_qty, item_cost, item_price, created_by, updated_by, created_datetime, updated_datetime)
VALUES(40, 40, 40, 1, 20000, 40000, 'SYSTEM', 'SYSTEM', NOW(), NOW()) 
ON CONFLICT (id) DO NOTHING;

